<?xml version="1.0" encoding="UTF-8"?>
<project-private xmlns="http://www.netbeans.org/ns/project-private/1">
    <editor-bookmarks xmlns="http://www.netbeans.org/ns/editor-bookmarks/2" lastBookmarkId="0"/>
    <open-files xmlns="http://www.netbeans.org/ns/projectui-open-files/2">
        <group>
            <file>file:/C:/Users/luizd/OneDrive/Documents/NetBeansProjects/ProjGestaoVestimentas/web/Cadastro/cadastrar.html</file>
            <file>file:/C:/Users/luizd/OneDrive/Documents/NetBeansProjects/ProjGestaoVestimentas/web/Avaliações/InserirAvaliacao.jsp</file>
            <file>file:/C:/Users/luizd/OneDrive/Documents/NetBeansProjects/ProjGestaoVestimentas/src/java/model/Vestimenta.java</file>
            <file>file:/C:/Users/luizd/OneDrive/Documents/NetBeansProjects/ProjGestaoVestimentas/web/Atualizar/atualizar.jsp</file>
            <file>file:/C:/Users/luizd/OneDrive/Documents/NetBeansProjects/ProjGestaoVestimentas/web/Avaliações/InserirAvaliacao.html</file>
            <file>file:/C:/Users/luizd/OneDrive/Documents/NetBeansProjects/ProjGestaoVestimentas/web/ConsultaID/consultaID.html</file>
        </group>
    </open-files>
</project-private>
